method,n_true_positives,n_false_positives,n_true_negatives,n_false_negatives,tpr,fpr,precision,effect_bias,effect_rmse,runtime
Joint NB-GLM,6,13,100,1,0.8571428571428571,0.11504424778761062,0.3157894736842105,-0.30973076609754546,0.3113202246195568,5.948616981506348
Mann-Whitney,7,13,100,0,1.0,0.11504424778761062,0.35,-0.24707132217179512,0.2494668122016822,0.2691667079925537
Per-Phenotype NB-GLM,6,13,100,1,0.8571428571428571,0.11504424778761062,0.3157894736842105,-0.3106249132441073,0.3124409805653372,0.10976099967956543
Dirichlet-Multinomial,7,8,105,0,1.0,0.07079646017699115,0.4666666666666667,-0.21177972382596538,0.21555342656753823,1.1882789134979248
